"","TF","Motif"
"Cebpa","Cebpa","TTGCGCAA"
"Cic","Cic","TTTGCTGACT"
"Creb1","Creb1","CGATGACGTCA"
"Ddit3","Ddit3","ATGATGCAAT"
"Elk1","Elk1","ACCGGAAGTGG"
"Fli1","Fli1","GGGGCCGGAAGTGG"
"Fos","Fos","GGATGAGTCATC"
"Gata1","Gata1","TGGGGGGGGCAGATAAGGG"
"Gata2","Gata2","ACAGATAAGAA"
"Gfi1","Gfi1","GCTGTGATTT"
"Gfi1b","Gfi1b","AAATCACAGCA"
"Ikzf1","Ikzf1","TTGGGAGA"
"Irf7","Irf7","GAAAGTGAAA"
"Klf1","Klf1","GGCCACACCCA"
"Klf4","Klf4","TGGGTGGGGC"
"Lyl1","Lyl1","CCAGCTGTTTCCTG"
"Mecom","Mecom","TATTATCTTATCTT"
"Meis1","Meis1","TTGACAGCT"
"Meis2","Meis2","TTGACAGCTGTCA"
"Myb","Myb","CCAACTGCCACC"
"Myc","Myc","GCGCACGTGGCG"
"Nfix","Nfix","TTGGCACGGTGCCAA"
"Nfkb1","Nfkb1","GGGAATTTCCC"
"Nfyc","Nfyc","TCAGCCAATCAGAA"
"Nr2c2","Nr2c2","AGGTCAAAGGTCA"
"Pbx1","Pbx1","AATTTGATTGATGGG"
"Runx1","Runx1","CAAACCACAGAC"
"Rxrg","Rxrg","GAGGGTCAGGAGTTCAAGGTCA"
"Sp1","Sp1","GCCCCGCCCCC"
"Spdef","Spdef","ACCCGGATGT"
"Spi1","Spi1","AAAAAGAGGAAGTGA"
"Stat5a","Stat5a","TTCCAAGAAA"
"Tcf12","Tcf12","CCAGGTGTT"
"Tcf3","Tcf3","GCACCTGC"
"Tfap2a","Tfap2a","TGCCTCAGGG"
"Trp53","Trp53","GGACATGCCCAGGCATGCCC"
"Yy1","Yy1","CAAGATGGCGGC"
"Zbtb7a","Zbtb7a","GGGGGTCTC"
